Timestamp,Drone_ID,Position_X,Position_Y
2024-12-28 21:30:08,1,775.0,85.0
2024-12-28 21:30:08,2,1102.8,305.0
2024-12-28 21:30:08,3,995.0,365.0
2024-12-28 21:30:08,4,686.1,145.0
2024-12-28 21:30:08,5,263.9,72.8
2024-12-28 21:30:08,1,773.79,86.21
2024-12-28 21:30:08,2,1104.01,303.79
2024-12-28 21:30:08,3,996.21,366.21
2024-12-28 21:30:08,4,686.1,145.0
2024-12-28 21:30:08,5,263.9,74.01
2024-12-28 21:30:08,1,773.79,87.54
2024-12-28 21:30:08,2,1102.68,303.79
2024-12-28 21:30:08,3,996.21,367.54
2024-12-28 21:30:08,4,687.43,146.33
2024-12-28 21:30:08,5,263.9,72.68
2024-12-28 21:30:08,1,772.33,89.01
2024-12-28 21:30:08,2,1102.68,303.79
2024-12-28 21:30:08,3,996.21,369.01
2024-12-28 21:30:08,4,687.43,146.33
2024-12-28 21:30:08,5,265.36,72.68
2024-12-28 21:30:08,1,772.33,87.39
2024-12-28 21:30:08,2,1102.68,302.18
2024-12-28 21:30:08,3,994.6,369.01
2024-12-28 21:30:08,4,687.43,146.33
2024-12-28 21:30:08,5,265.36,72.68
2024-12-28 21:30:08,1,770.55,87.39
2024-12-28 21:30:08,2,1102.68,303.95
2024-12-28 21:30:08,3,994.6,369.01
2024-12-28 21:30:08,4,689.2,148.1
2024-12-28 21:30:08,5,263.59,70.91
2024-12-28 21:30:08,1,772.5,87.39
2024-12-28 21:30:08,2,1100.73,303.95
2024-12-28 21:30:08,3,994.6,369.01
2024-12-28 21:30:08,4,691.15,146.15
2024-12-28 21:30:08,5,265.54,70.91
2024-12-28 21:30:08,1,770.36,89.54
2024-12-28 21:30:08,2,1100.73,303.95
2024-12-28 21:30:08,3,992.46,366.86
2024-12-28 21:30:08,4,693.29,148.3
2024-12-28 21:30:08,5,265.54,70.91
2024-12-28 21:30:08,1,770.36,89.54
2024-12-28 21:30:08,2,1100.73,303.95
2024-12-28 21:30:08,3,992.46,366.86
2024-12-28 21:30:08,4,695.65,148.3
2024-12-28 21:30:08,5,263.18,68.55
2024-12-28 21:30:08,1,770.36,86.94
2024-12-28 21:30:08,2,1103.32,303.95
2024-12-28 21:30:08,3,992.46,364.27
2024-12-28 21:30:08,4,695.65,148.3
2024-12-28 21:30:08,5,263.18,68.55
2024-12-28 21:30:08,1,770.36,89.8
2024-12-28 21:30:08,2,1103.32,306.8
2024-12-28 21:30:08,3,995.31,364.27
2024-12-28 21:30:08,4,695.65,148.3
2024-12-28 21:30:08,5,263.18,71.4
2024-12-28 21:30:08,1,767.22,86.66
2024-12-28 21:30:08,2,1106.46,303.67
2024-12-28 21:30:08,3,995.31,364.27
2024-12-28 21:30:08,4,695.65,151.44
2024-12-28 21:30:08,5,263.18,68.26
2024-12-28 21:30:08,1,767.22,90.11
2024-12-28 21:30:08,2,1106.46,307.12
2024-12-28 21:30:08,3,991.86,364.27
2024-12-28 21:30:08,4,692.2,151.44
2024-12-28 21:30:08,5,263.18,68.26
2024-12-28 21:30:08,1,771.02,86.31
2024-12-28 21:30:08,2,1102.66,310.92
2024-12-28 21:30:08,3,995.65,364.27
2024-12-28 21:30:08,4,692.2,155.23
2024-12-28 21:30:08,5,266.98,68.26
2024-12-28 21:30:08,1,775.2,82.14
2024-12-28 21:30:08,2,1106.84,310.92
2024-12-28 21:30:08,3,995.65,364.27
2024-12-28 21:30:08,4,692.2,159.41
2024-12-28 21:30:08,5,262.8,68.26
2024-12-28 21:30:08,1,775.2,77.54
2024-12-28 21:30:08,2,1106.84,310.92
2024-12-28 21:30:08,3,995.65,368.86
2024-12-28 21:30:08,4,687.61,154.82
2024-12-28 21:30:08,5,262.8,68.26
2024-12-28 21:30:08,1,780.2,77.54
2024-12-28 21:30:08,2,1106.84,310.92
2024-12-28 21:30:08,3,995.65,368.86
2024-12-28 21:30:08,4,682.61,154.82
2024-12-28 21:30:08,5,257.8,68.26
2024-12-28 21:30:08,1,775.2,77.54
2024-12-28 21:30:08,2,1106.84,310.92
2024-12-28 21:30:08,3,1000.65,368.86
2024-12-28 21:30:08,4,677.61,154.82
2024-12-28 21:30:08,5,257.8,73.26
2024-12-28 21:30:08,1,775.2,77.54
2024-12-28 21:30:08,2,1101.84,315.92
2024-12-28 21:30:08,3,1000.65,368.86
2024-12-28 21:30:08,4,682.61,154.82
2024-12-28 21:30:08,5,257.8,73.26
2024-12-28 21:30:08,1,775.2,72.54
2024-12-28 21:30:08,2,1101.84,310.92
2024-12-28 21:30:08,3,1000.65,368.86
2024-12-28 21:30:08,4,682.61,154.82
2024-12-28 21:30:08,5,252.8,73.26
2024-12-28 21:30:08,1,770.2,77.54
2024-12-28 21:30:08,2,1101.84,315.92
2024-12-28 21:30:08,3,1000.65,373.86
2024-12-28 21:30:08,4,687.61,154.82
2024-12-28 21:30:08,5,252.8,68.26
2024-12-28 21:30:08,1,770.2,72.54
2024-12-28 21:30:08,2,1096.84,315.92
2024-12-28 21:30:08,3,1000.65,373.86
2024-12-28 21:30:08,4,692.61,159.82
2024-12-28 21:30:08,5,252.8,68.26
2024-12-28 21:30:08,1,770.2,72.54
2024-12-28 21:30:08,2,1096.84,315.92
2024-12-28 21:30:08,3,1000.65,368.86
2024-12-28 21:30:08,4,692.61,164.82
2024-12-28 21:30:08,5,252.8,63.26
2024-12-28 21:30:08,1,775.2,72.54
2024-12-28 21:30:08,2,1096.84,315.92
2024-12-28 21:30:08,3,1005.65,368.86
2024-12-28 21:30:08,4,687.61,159.82
2024-12-28 21:30:08,5,252.8,63.26
2024-12-28 21:30:08,1,770.2,67.54
2024-12-28 21:30:08,2,1096.84,320.92
2024-12-28 21:30:08,3,1010.65,368.86
2024-12-28 21:30:08,4,692.61,159.82
2024-12-28 21:30:08,5,247.8,58.26
2024-12-28 21:30:08,1,765.2,72.54
2024-12-28 21:30:08,2,1096.84,325.92
2024-12-28 21:30:08,3,1015.65,373.86
2024-12-28 21:30:08,4,692.61,159.82
2024-12-28 21:30:08,5,242.8,58.26
2024-12-28 21:30:09,1,765.2,77.54
2024-12-28 21:30:09,2,1096.84,325.92
2024-12-28 21:30:09,3,1015.65,373.86
2024-12-28 21:30:09,4,697.61,159.82
2024-12-28 21:30:09,5,237.8,53.26
2024-12-28 21:30:09,1,765.2,77.54
2024-12-28 21:30:09,2,1101.84,325.92
2024-12-28 21:30:09,3,1015.65,373.86
2024-12-28 21:30:09,4,697.61,159.82
2024-12-28 21:30:09,5,237.8,53.26
2024-12-28 21:30:09,1,770.2,77.54
2024-12-28 21:30:09,2,1101.84,325.92
2024-12-28 21:30:09,3,1015.65,373.86
2024-12-28 21:30:09,4,697.61,164.82
2024-12-28 21:30:09,5,232.8,53.26
2024-12-28 21:30:09,1,765.2,72.54
2024-12-28 21:30:09,2,1106.84,325.92
2024-12-28 21:30:09,3,1010.65,373.86
2024-12-28 21:30:09,4,697.61,159.82
2024-12-28 21:30:09,5,232.8,48.26
2024-12-28 21:30:09,1,760.2,72.54
2024-12-28 21:30:09,2,1101.84,325.92
2024-12-28 21:30:09,3,1010.65,373.86
2024-12-28 21:30:09,4,697.61,154.82
2024-12-28 21:30:09,5,237.8,48.26
2024-12-28 21:30:09,1,760.2,82.54
2024-12-28 21:30:09,2,1096.84,330.92
2024-12-28 21:30:09,3,1015.65,368.86
2024-12-28 21:30:09,4,702.61,154.82
2024-12-28 21:30:09,5,247.8,53.26
2024-12-28 21:30:09,1,765.2,77.54
2024-12-28 21:30:09,2,1101.84,325.92
2024-12-28 21:30:09,3,1015.65,373.86
2024-12-28 21:30:09,4,702.61,149.82
2024-12-28 21:30:09,5,247.8,58.26
2024-12-28 21:30:09,1,760.2,77.54
2024-12-28 21:30:09,2,1101.84,320.92
2024-12-28 21:30:09,3,1015.65,368.86
2024-12-28 21:30:09,4,697.61,149.82
2024-12-28 21:30:09,5,242.8,58.26
2024-12-28 21:30:09,1,760.2,77.54
2024-12-28 21:30:09,2,1101.84,320.92
2024-12-28 21:30:09,3,1020.65,363.86
2024-12-28 21:30:09,4,692.61,149.82
2024-12-28 21:30:09,5,247.8,58.26
2024-12-28 21:30:09,1,755.2,77.54
2024-12-28 21:30:09,2,1101.84,320.92
2024-12-28 21:30:09,3,1015.65,358.86
2024-12-28 21:30:09,4,692.61,149.82
2024-12-28 21:30:09,5,252.8,58.26
2024-12-28 21:30:09,1,760.2,77.54
2024-12-28 21:30:09,2,1101.84,325.92
2024-12-28 21:30:09,3,1015.65,358.86
2024-12-28 21:30:09,4,692.61,154.82
2024-12-28 21:30:09,5,257.8,58.26
2024-12-28 21:30:09,1,760.2,77.54
2024-12-28 21:30:09,2,1096.84,325.92
2024-12-28 21:30:09,3,1010.65,353.86
2024-12-28 21:30:09,4,697.61,154.82
2024-12-28 21:30:09,5,257.8,58.26
2024-12-28 21:30:09,1,760.2,82.54
2024-12-28 21:30:09,2,1096.84,325.92
2024-12-28 21:30:09,3,1005.65,353.86
2024-12-28 21:30:09,4,697.61,154.82
2024-12-28 21:30:09,5,252.8,63.26
2024-12-28 21:30:09,1,760.2,82.54
2024-12-28 21:30:09,2,1096.84,325.92
2024-12-28 21:30:09,3,1005.65,353.86
2024-12-28 21:30:09,4,697.61,149.82
2024-12-28 21:30:09,5,252.8,58.26
2024-12-28 21:30:09,1,755.2,82.54
2024-12-28 21:30:09,2,1091.84,325.92
2024-12-28 21:30:09,3,1005.65,353.86
2024-12-28 21:30:09,4,697.61,144.82
2024-12-28 21:30:09,5,252.8,58.26
2024-12-28 21:30:09,1,760.2,82.54
2024-12-28 21:30:09,2,1091.84,330.92
2024-12-28 21:30:09,3,1005.65,353.86
2024-12-28 21:30:09,4,697.61,149.82
2024-12-28 21:30:09,5,257.8,53.26
2024-12-28 21:30:09,1,760.2,82.54
2024-12-28 21:30:09,2,1096.84,325.92
2024-12-28 21:30:09,3,1010.65,353.86
2024-12-28 21:30:09,4,697.61,149.82
2024-12-28 21:30:09,5,257.8,48.26
2024-12-28 21:30:09,1,765.2,87.54
2024-12-28 21:30:09,2,1096.84,330.92
2024-12-28 21:30:09,3,1010.65,358.86
2024-12-28 21:30:09,4,697.61,149.82
2024-12-28 21:30:09,5,257.8,43.26
2024-12-28 21:30:09,1,765.2,87.54
2024-12-28 21:30:09,2,1096.84,330.92
2024-12-28 21:30:09,3,1015.65,358.86
2024-12-28 21:30:09,4,697.61,144.82
2024-12-28 21:30:09,5,257.8,43.26
2024-12-28 21:30:09,1,760.2,82.54
2024-12-28 21:30:09,2,1096.84,330.92
2024-12-28 21:30:09,3,1025.65,363.86
2024-12-28 21:30:09,4,697.61,149.82
2024-12-28 21:30:09,5,252.8,43.26
2024-12-28 21:30:09,1,760.2,82.54
2024-12-28 21:30:09,2,1096.84,330.92
2024-12-28 21:30:09,3,1020.65,363.86
2024-12-28 21:30:09,4,697.61,154.82
2024-12-28 21:30:09,5,257.8,38.26
2024-12-28 21:30:09,1,760.2,77.54
2024-12-28 21:30:09,2,1096.84,335.92
2024-12-28 21:30:09,3,1025.65,363.86
2024-12-28 21:30:09,4,697.61,154.82
2024-12-28 21:30:09,5,257.8,38.26
2024-12-28 21:30:09,1,765.2,72.54
2024-12-28 21:30:09,2,1091.84,335.92
2024-12-28 21:30:09,3,1025.65,363.86
2024-12-28 21:30:09,4,702.61,149.82
2024-12-28 21:30:09,5,252.8,38.26
2024-12-28 21:30:09,1,760.2,67.54
2024-12-28 21:30:09,2,1091.84,335.92
2024-12-28 21:30:09,3,1020.65,368.86
2024-12-28 21:30:09,4,707.61,149.82
2024-12-28 21:30:09,5,247.8,33.26
2024-12-28 21:30:09,1,760.2,67.54
2024-12-28 21:30:09,2,1091.84,330.92
2024-12-28 21:30:09,3,1020.65,368.86
2024-12-28 21:30:09,4,707.61,149.82
2024-12-28 21:30:09,5,242.8,33.26
2024-12-28 21:30:09,1,760.2,67.54
2024-12-28 21:30:09,2,1091.84,335.92
2024-12-28 21:30:09,3,1020.65,373.86
2024-12-28 21:30:09,4,712.61,144.82
2024-12-28 21:30:09,5,247.8,33.26
2024-12-28 21:30:09,1,755.2,62.54
2024-12-28 21:30:09,2,1086.84,330.92
2024-12-28 21:30:09,3,1020.65,373.86
2024-12-28 21:30:09,4,712.61,149.82
2024-12-28 21:30:09,5,247.8,33.26
2024-12-28 21:30:09,1,755.2,62.54
2024-12-28 21:30:09,2,1091.84,325.92
2024-12-28 21:30:09,3,1020.65,373.86
2024-12-28 21:30:09,4,712.61,149.82
2024-12-28 21:30:09,5,247.8,33.26
2024-12-28 21:30:09,1,760.2,67.54
2024-12-28 21:30:09,2,1091.84,320.92
2024-12-28 21:30:09,3,1025.65,373.86
2024-12-28 21:30:09,4,717.61,149.82
2024-12-28 21:30:09,5,247.8,28.26
2024-12-28 21:30:09,1,760.2,62.54
2024-12-28 21:30:09,2,1091.84,320.92
2024-12-28 21:30:09,3,1025.65,378.86
2024-12-28 21:30:09,4,717.61,149.82
2024-12-28 21:30:09,5,247.8,28.26
2024-12-28 21:30:09,1,760.2,57.54
2024-12-28 21:30:09,2,1096.84,320.92
2024-12-28 21:30:09,3,1025.65,378.86
2024-12-28 21:30:09,4,717.61,149.82
2024-12-28 21:30:09,5,242.8,28.26
2024-12-28 21:30:09,1,760.2,57.54
2024-12-28 21:30:09,2,1096.84,325.92
2024-12-28 21:30:09,3,1025.65,378.86
2024-12-28 21:30:09,4,712.61,149.82
2024-12-28 21:30:09,5,242.8,23.26
2024-12-28 21:30:09,1,765.2,62.54
2024-12-28 21:30:09,2,1096.84,325.92
2024-12-28 21:30:09,3,1025.65,378.86
2024-12-28 21:30:09,4,712.61,144.82
2024-12-28 21:30:09,5,242.8,18.26
2024-12-28 21:30:09,1,765.2,57.54
2024-12-28 21:30:09,2,1091.84,325.92
2024-12-28 21:30:09,3,1025.65,378.86
2024-12-28 21:30:09,4,707.61,144.82
2024-12-28 21:30:09,5,237.8,18.26
2024-12-28 21:30:09,1,765.2,57.54
2024-12-28 21:30:09,2,1086.84,330.92
2024-12-28 21:30:09,3,1025.65,378.86
2024-12-28 21:30:09,4,702.61,149.82
2024-12-28 21:30:09,5,237.8,18.26
2024-12-28 21:30:09,1,765.2,62.54
2024-12-28 21:30:09,2,1091.84,330.92
2024-12-28 21:30:09,3,1020.65,373.86
2024-12-28 21:30:09,4,702.61,154.82
2024-12-28 21:30:09,5,237.8,18.26
2024-12-28 21:30:09,1,760.2,62.54
2024-12-28 21:30:09,2,1091.84,325.92
2024-12-28 21:30:09,3,1025.65,373.86
2024-12-28 21:30:09,4,697.61,154.82
2024-12-28 21:30:09,5,242.8,18.26
2024-12-28 21:30:09,1,760.2,57.54
2024-12-28 21:30:09,2,1091.84,325.92
2024-12-28 21:30:09,3,1025.65,373.86
2024-12-28 21:30:09,4,692.61,149.82
2024-12-28 21:30:09,5,247.8,18.26
2024-12-28 21:30:09,1,760.2,57.54
2024-12-28 21:30:09,2,1091.84,320.92
2024-12-28 21:30:09,3,1025.65,368.86
2024-12-28 21:30:09,4,692.61,154.82
2024-12-28 21:30:09,5,247.8,18.26
2024-12-28 21:30:09,1,765.2,57.54
2024-12-28 21:30:09,2,1086.84,320.92
2024-12-28 21:30:09,3,1025.65,363.86
2024-12-28 21:30:09,4,692.61,154.82
2024-12-28 21:30:09,5,252.8,23.26
2024-12-28 21:30:09,1,760.2,62.54
2024-12-28 21:30:09,2,1086.84,320.92
2024-12-28 21:30:09,3,1020.65,363.86
2024-12-28 21:30:09,4,687.61,154.82
2024-12-28 21:30:09,5,252.8,23.26
2024-12-28 21:30:09,1,760.2,57.54
2024-12-28 21:30:09,2,1086.84,325.92
2024-12-28 21:30:09,3,1015.65,358.86
2024-12-28 21:30:09,4,687.61,149.82
2024-12-28 21:30:09,5,252.8,18.26
2024-12-28 21:30:09,1,760.2,62.54
2024-12-28 21:30:09,2,1081.84,325.92
2024-12-28 21:30:09,3,1010.65,353.86
2024-12-28 21:30:09,4,687.61,144.82
2024-12-28 21:30:09,5,257.8,23.26
2024-12-28 21:30:09,1,760.2,57.54
2024-12-28 21:30:09,2,1081.84,320.92
2024-12-28 21:30:09,3,1010.65,353.86
2024-12-28 21:30:09,4,682.61,139.82
2024-12-28 21:30:09,5,252.8,18.26
2024-12-28 21:30:09,1,760.2,62.54
2024-12-28 21:30:09,2,1076.84,320.92
2024-12-28 21:30:09,3,1010.65,348.86
2024-12-28 21:30:09,4,682.61,134.82
2024-12-28 21:30:09,5,252.8,23.26
2024-12-28 21:30:09,1,770.2,62.54
2024-12-28 21:30:09,2,1076.84,320.92
2024-12-28 21:30:09,3,1005.65,343.86
2024-12-28 21:30:09,4,672.61,134.82
2024-12-28 21:30:09,5,257.8,23.26
2024-12-28 21:30:09,1,775.2,67.54
2024-12-28 21:30:09,2,1076.84,315.92
2024-12-28 21:30:09,3,1000.65,343.86
2024-12-28 21:30:09,4,672.61,134.82
2024-12-28 21:30:09,5,257.8,23.26
2024-12-28 21:30:09,1,770.2,67.54
2024-12-28 21:30:09,2,1076.84,320.92
2024-12-28 21:30:09,3,1000.65,343.86
2024-12-28 21:30:09,4,667.61,129.82
2024-12-28 21:30:09,5,257.8,23.26
2024-12-28 21:30:09,1,770.2,67.54
2024-12-28 21:30:09,2,1081.84,320.92
2024-12-28 21:30:09,3,1000.65,343.86
2024-12-28 21:30:09,4,667.61,129.82
2024-12-28 21:30:09,5,262.8,28.26
2024-12-28 21:30:09,1,775.2,72.54
2024-12-28 21:30:09,2,1081.84,315.92
2024-12-28 21:30:09,3,1000.65,348.86
2024-12-28 21:30:09,4,667.61,124.82
2024-12-28 21:30:09,5,262.8,28.26
2024-12-28 21:30:09,1,775.2,72.54
2024-12-28 21:30:09,2,1086.84,315.92
2024-12-28 21:30:09,3,1000.65,348.86
2024-12-28 21:30:09,4,662.61,119.82
2024-12-28 21:30:09,5,262.8,28.26
2024-12-28 21:30:09,1,770.2,72.54
2024-12-28 21:30:09,2,1086.84,320.92
2024-12-28 21:30:09,3,1000.65,343.86
2024-12-28 21:30:09,4,667.61,124.82
2024-12-28 21:30:09,5,257.8,23.26
2024-12-28 21:30:09,1,770.2,72.54
2024-12-28 21:30:09,2,1086.84,320.92
2024-12-28 21:30:09,3,1000.65,343.86
2024-12-28 21:30:09,4,667.61,119.82
2024-12-28 21:30:09,5,257.8,23.26
2024-12-28 21:30:09,1,775.2,72.54
2024-12-28 21:30:09,2,1086.84,320.92
2024-12-28 21:30:09,3,1000.65,338.86
2024-12-28 21:30:09,4,667.61,119.82
2024-12-28 21:30:09,5,257.8,23.26
2024-12-28 21:30:09,1,775.2,77.54
2024-12-28 21:30:09,2,1091.84,325.92
2024-12-28 21:30:09,3,1000.65,343.86
2024-12-28 21:30:09,4,672.61,119.82
2024-12-28 21:30:09,5,257.8,18.26
2024-12-28 21:30:09,1,770.2,72.54
2024-12-28 21:30:09,2,1091.84,325.92
2024-12-28 21:30:09,3,995.65,348.86
2024-12-28 21:30:09,4,677.61,124.82
2024-12-28 21:30:09,5,262.8,18.26
2024-12-28 21:30:10,1,770.2,77.54
2024-12-28 21:30:10,2,1091.84,320.92
2024-12-28 21:30:10,3,995.65,343.86
2024-12-28 21:30:10,4,677.61,124.82
2024-12-28 21:30:10,5,262.8,13.26
2024-12-28 21:30:10,1,775.2,77.54
2024-12-28 21:30:10,2,1096.84,320.92
2024-12-28 21:30:10,3,995.65,338.86
2024-12-28 21:30:10,4,677.61,124.82
2024-12-28 21:30:10,5,257.8,8.26
2024-12-28 21:30:10,1,775.2,77.54
2024-12-28 21:30:10,2,1101.84,320.92
2024-12-28 21:30:10,3,995.65,338.86
2024-12-28 21:30:10,4,677.61,124.82
2024-12-28 21:30:10,5,262.8,8.26
2024-12-28 21:30:10,1,775.2,77.54
2024-12-28 21:30:10,2,1101.84,315.92
2024-12-28 21:30:10,3,995.65,338.86
2024-12-28 21:30:10,4,677.61,119.82
2024-12-28 21:30:10,5,257.8,8.26
2024-12-28 21:30:10,1,770.2,82.54
2024-12-28 21:30:10,2,1101.84,315.92
2024-12-28 21:30:10,3,995.65,333.86
2024-12-28 21:30:10,4,672.61,119.82
2024-12-28 21:30:10,5,257.8,8.26
2024-12-28 21:30:10,1,765.2,77.54
2024-12-28 21:30:10,2,1101.84,320.92
2024-12-28 21:30:10,3,1000.65,328.86
2024-12-28 21:30:10,4,667.61,124.82
2024-12-28 21:30:10,5,252.8,8.26
2024-12-28 21:30:10,1,765.2,72.54
2024-12-28 21:30:10,2,1101.84,320.92
2024-12-28 21:30:10,3,1000.65,333.86
2024-12-28 21:30:10,4,667.61,124.82
2024-12-28 21:30:10,5,252.8,8.26
2024-12-28 21:30:10,1,760.2,72.54
2024-12-28 21:30:10,2,1106.84,320.92
2024-12-28 21:30:10,3,1005.65,328.86
2024-12-28 21:30:10,4,672.61,129.82
2024-12-28 21:30:10,5,247.8,8.26
2024-12-28 21:30:10,1,760.2,67.54
2024-12-28 21:30:10,2,1106.84,320.92
2024-12-28 21:30:10,3,1005.65,333.86
2024-12-28 21:30:10,4,672.61,124.82
2024-12-28 21:30:10,5,252.8,8.26
2024-12-28 21:30:10,1,755.2,62.54
2024-12-28 21:30:10,2,1106.84,325.92
2024-12-28 21:30:10,3,1005.65,328.86
2024-12-28 21:30:10,4,672.61,124.82
2024-12-28 21:30:10,5,252.8,13.26
2024-12-28 21:30:10,1,760.2,62.54
2024-12-28 21:30:10,2,1101.84,320.92
2024-12-28 21:30:10,3,1000.65,323.86
2024-12-28 21:30:10,4,672.61,124.82
2024-12-28 21:30:10,5,257.8,13.26
2024-12-28 21:30:10,1,755.2,67.54
2024-12-28 21:30:10,2,1101.84,320.92
2024-12-28 21:30:10,3,995.65,318.86
2024-12-28 21:30:10,4,667.61,124.82
2024-12-28 21:30:10,5,262.8,13.26
2024-12-28 21:30:10,1,755.2,67.54
2024-12-28 21:30:10,2,1101.84,325.92
2024-12-28 21:30:10,3,995.65,318.86
2024-12-28 21:30:10,4,667.61,129.82
2024-12-28 21:30:10,5,257.8,8.26
2024-12-28 21:30:10,1,755.2,72.54
2024-12-28 21:30:10,2,1101.84,320.92
2024-12-28 21:30:10,3,1000.65,323.86
2024-12-28 21:30:10,4,672.61,129.82
2024-12-28 21:30:10,5,262.8,3.26
2024-12-28 21:30:10,1,755.2,72.54
2024-12-28 21:30:10,2,1096.84,325.92
2024-12-28 21:30:10,3,1000.65,323.86
2024-12-28 21:30:10,4,672.61,124.82
2024-12-28 21:30:10,5,257.8,8.26
2024-12-28 21:30:10,1,755.2,72.54
2024-12-28 21:30:10,2,1091.84,325.92
2024-12-28 21:30:10,3,1000.65,323.86
2024-12-28 21:30:10,4,667.61,129.82
2024-12-28 21:30:10,5,257.8,3.26
2024-12-28 21:30:10,1,750.2,67.54
2024-12-28 21:30:10,2,1091.84,325.92
2024-12-28 21:30:10,3,1000.65,328.86
2024-12-28 21:30:10,4,662.61,124.82
2024-12-28 21:30:10,5,257.8,0.0
2024-12-28 21:30:10,1,750.2,67.54
2024-12-28 21:30:10,2,1091.84,325.92
2024-12-28 21:30:10,3,1005.65,323.86
2024-12-28 21:30:10,4,667.61,129.82
2024-12-28 21:30:10,5,257.8,0.0
2024-12-28 21:30:10,1,745.2,67.54
2024-12-28 21:30:10,2,1091.84,320.92
2024-12-28 21:30:10,3,1010.65,318.86
2024-12-28 21:30:10,4,662.61,129.82
2024-12-28 21:30:10,5,262.8,0.0
2024-12-28 21:30:10,1,745.2,67.54
2024-12-28 21:30:10,2,1096.84,320.92
2024-12-28 21:30:10,3,1005.65,323.86
2024-12-28 21:30:10,4,667.61,124.82
2024-12-28 21:30:10,5,257.8,5.0
2024-12-28 21:30:10,1,745.2,72.54
2024-12-28 21:30:10,2,1096.84,325.92
2024-12-28 21:30:10,3,1010.65,328.86
2024-12-28 21:30:10,4,662.61,119.82
2024-12-28 21:30:10,5,262.8,10.0
2024-12-28 21:30:10,1,745.2,77.54
2024-12-28 21:30:10,2,1096.84,330.92
2024-12-28 21:30:10,3,1010.65,323.86
2024-12-28 21:30:10,4,657.61,114.82
2024-12-28 21:30:10,5,257.8,5.0
2024-12-28 21:30:10,1,740.2,77.54
2024-12-28 21:30:10,2,1101.84,330.92
2024-12-28 21:30:10,3,1015.65,323.86
2024-12-28 21:30:10,4,657.61,114.82
2024-12-28 21:30:10,5,257.8,5.0
2024-12-28 21:30:10,1,745.2,77.54
2024-12-28 21:30:10,2,1101.84,330.92
2024-12-28 21:30:10,3,1015.65,328.86
2024-12-28 21:30:10,4,652.61,114.82
2024-12-28 21:30:10,5,257.8,5.0
2024-12-28 21:30:10,1,750.2,77.54
2024-12-28 21:30:10,2,1106.84,335.92
2024-12-28 21:30:10,3,1015.65,328.86
2024-12-28 21:30:10,4,652.61,114.82
2024-12-28 21:30:10,5,252.8,10.0
2024-12-28 21:30:10,1,745.2,77.54
2024-12-28 21:30:10,2,1106.84,335.92
2024-12-28 21:30:10,3,1015.65,328.86
2024-12-28 21:30:10,4,652.61,114.82
2024-12-28 21:30:10,5,252.8,10.0
2024-12-28 21:30:10,1,740.2,77.54
2024-12-28 21:30:10,2,1106.84,340.92
2024-12-28 21:30:10,3,1015.65,323.86
2024-12-28 21:30:10,4,652.61,119.82
2024-12-28 21:30:10,5,252.8,5.0
2024-12-28 21:30:10,1,740.2,82.54
2024-12-28 21:30:10,2,1106.84,345.92
2024-12-28 21:30:10,3,1015.65,323.86
2024-12-28 21:30:10,4,652.61,119.82
2024-12-28 21:30:10,5,252.8,5.0
2024-12-28 21:30:10,1,740.2,82.54
2024-12-28 21:30:10,2,1111.84,345.92
2024-12-28 21:30:10,3,1010.65,328.86
2024-12-28 21:30:10,4,652.61,119.82
2024-12-28 21:30:10,5,247.8,5.0
2024-12-28 21:30:10,1,740.2,82.54
2024-12-28 21:30:10,2,1106.84,345.92
2024-12-28 21:30:10,3,1010.65,323.86
2024-12-28 21:30:10,4,652.61,119.82
2024-12-28 21:30:10,5,247.8,0.0
2024-12-28 21:30:10,1,735.2,82.54
2024-12-28 21:30:10,2,1101.84,345.92
2024-12-28 21:30:10,3,1010.65,328.86
2024-12-28 21:30:10,4,647.61,114.82
2024-12-28 21:30:10,5,247.8,5.0
2024-12-28 21:30:10,1,730.2,82.54
2024-12-28 21:30:10,2,1106.84,345.92
2024-12-28 21:30:10,3,1005.65,328.86
2024-12-28 21:30:10,4,652.61,114.82
2024-12-28 21:30:10,5,247.8,10.0
2024-12-28 21:30:10,1,735.2,87.54
2024-12-28 21:30:10,2,1106.84,345.92
2024-12-28 21:30:10,3,1005.65,333.86
2024-12-28 21:30:10,4,652.61,119.82
2024-12-28 21:30:10,5,247.8,10.0
2024-12-28 21:30:10,1,740.2,87.54
2024-12-28 21:30:10,2,1106.84,345.92
2024-12-28 21:30:10,3,1005.65,328.86
2024-12-28 21:30:10,4,652.61,119.82
2024-12-28 21:30:10,5,252.8,15.0
2024-12-28 21:30:10,1,740.2,87.54
2024-12-28 21:30:10,2,1106.84,345.92
2024-12-28 21:30:10,3,1000.65,333.86
2024-12-28 21:30:10,4,652.61,119.82
2024-12-28 21:30:10,5,252.8,15.0
2024-12-28 21:30:10,1,740.2,82.54
2024-12-28 21:30:10,2,1111.84,350.92
2024-12-28 21:30:10,3,1000.65,333.86
2024-12-28 21:30:10,4,647.61,119.82
2024-12-28 21:30:10,5,252.8,15.0
2024-12-28 21:30:10,1,740.2,82.54
2024-12-28 21:30:10,2,1106.84,345.92
2024-12-28 21:30:10,3,1000.65,333.86
2024-12-28 21:30:10,4,652.61,119.82
2024-12-28 21:30:10,5,252.8,20.0
2024-12-28 21:30:10,1,745.2,82.54
2024-12-28 21:30:10,2,1106.84,345.92
2024-12-28 21:30:10,3,995.65,333.86
2024-12-28 21:30:10,4,652.61,119.82
2024-12-28 21:30:10,5,247.8,20.0
2024-12-28 21:30:10,1,745.2,82.54
2024-12-28 21:30:10,2,1101.84,350.92
2024-12-28 21:30:10,3,995.65,333.86
2024-12-28 21:30:10,4,652.61,124.82
2024-12-28 21:30:10,5,247.8,15.0
2024-12-28 21:30:10,1,745.2,82.54
2024-12-28 21:30:10,2,1101.84,350.92
2024-12-28 21:30:10,3,1000.65,333.86
2024-12-28 21:30:10,4,647.61,129.82
2024-12-28 21:30:10,5,247.8,15.0
2024-12-28 21:30:10,1,740.2,82.54
2024-12-28 21:30:10,2,1101.84,350.92
2024-12-28 21:30:10,3,1000.65,338.86
2024-12-28 21:30:10,4,647.61,129.82
2024-12-28 21:30:10,5,252.8,15.0
2024-12-28 21:30:10,1,745.2,87.54
2024-12-28 21:30:10,2,1096.84,350.92
2024-12-28 21:30:10,3,1005.65,338.86
2024-12-28 21:30:10,4,647.61,129.82
2024-12-28 21:30:10,5,257.8,15.0
2024-12-28 21:30:10,1,745.2,82.54
2024-12-28 21:30:10,2,1091.84,350.92
2024-12-28 21:30:10,3,1005.65,333.86
2024-12-28 21:30:10,4,647.61,129.82
2024-12-28 21:30:10,5,257.8,15.0
2024-12-28 21:30:10,1,745.2,87.54
2024-12-28 21:30:10,2,1096.84,350.92
2024-12-28 21:30:10,3,1005.65,333.86
2024-12-28 21:30:10,4,642.61,129.82
2024-12-28 21:30:10,5,252.8,15.0
2024-12-28 21:30:10,1,745.2,87.54
2024-12-28 21:30:10,2,1096.84,350.92
2024-12-28 21:30:10,3,1005.65,338.86
2024-12-28 21:30:10,4,642.61,134.82
2024-12-28 21:30:10,5,257.8,20.0
2024-12-28 21:30:10,1,740.2,87.54
2024-12-28 21:30:10,2,1096.84,350.92
2024-12-28 21:30:10,3,1005.65,343.86
2024-12-28 21:30:10,4,642.61,134.82
2024-12-28 21:30:10,5,257.8,15.0
2024-12-28 21:30:10,1,735.2,82.54
2024-12-28 21:30:10,2,1096.84,345.92
2024-12-28 21:30:10,3,1005.65,343.86
2024-12-28 21:30:10,4,637.61,139.82
2024-12-28 21:30:10,5,262.8,15.0
2024-12-28 21:30:10,1,735.2,77.54
2024-12-28 21:30:10,2,1096.84,340.92
2024-12-28 21:30:10,3,1005.65,348.86
2024-12-28 21:30:10,4,637.61,139.82
2024-12-28 21:30:10,5,267.8,15.0
2024-12-28 21:30:10,1,735.2,77.54
2024-12-28 21:30:10,2,1096.84,345.92
2024-12-28 21:30:10,3,1005.65,353.86
2024-12-28 21:30:10,4,637.61,139.82
2024-12-28 21:30:10,5,272.8,15.0
2024-12-28 21:30:10,1,735.2,77.54
2024-12-28 21:30:10,2,1101.84,345.92
2024-12-28 21:30:10,3,1005.65,353.86
2024-12-28 21:30:10,4,637.61,139.82
2024-12-28 21:30:10,5,277.8,15.0
2024-12-28 21:30:10,1,735.2,77.54
2024-12-28 21:30:10,2,1101.84,350.92
2024-12-28 21:30:10,3,1005.65,353.86
2024-12-28 21:30:10,4,637.61,139.82
2024-12-28 21:30:10,5,277.8,15.0
2024-12-28 21:30:10,1,735.2,77.54
2024-12-28 21:30:10,2,1106.84,345.92
2024-12-28 21:30:10,3,1005.65,358.86
2024-12-28 21:30:10,4,637.61,139.82
2024-12-28 21:30:10,5,277.8,15.0
2024-12-28 21:30:10,1,735.2,72.54
2024-12-28 21:30:10,2,1106.84,345.92
2024-12-28 21:30:10,3,1010.65,353.86
2024-12-28 21:30:10,4,642.61,139.82
2024-12-28 21:30:10,5,277.8,20.0
2024-12-28 21:30:10,1,735.2,72.54
2024-12-28 21:30:10,2,1106.84,345.92
2024-12-28 21:30:10,3,1010.65,358.86
2024-12-28 21:30:10,4,647.61,139.82
2024-12-28 21:30:10,5,277.8,20.0
2024-12-28 21:30:10,1,735.2,77.54
2024-12-28 21:30:10,2,1106.84,345.92
2024-12-28 21:30:10,3,1010.65,358.86
2024-12-28 21:30:10,4,642.61,139.82
2024-12-28 21:30:10,5,277.8,25.0
2024-12-28 21:30:10,1,730.2,77.54
2024-12-28 21:30:10,2,1111.84,345.92
2024-12-28 21:30:10,3,1015.65,358.86
2024-12-28 21:30:10,4,642.61,139.82
2024-12-28 21:30:10,5,272.8,25.0
2024-12-28 21:30:10,1,730.2,82.54
2024-12-28 21:30:10,2,1116.84,345.92
2024-12-28 21:30:10,3,1015.65,358.86
2024-12-28 21:30:10,4,642.61,144.82
2024-12-28 21:30:10,5,272.8,25.0
2024-12-28 21:30:10,1,725.2,82.54
2024-12-28 21:30:10,2,1116.84,345.92
2024-12-28 21:30:10,3,1015.65,358.86
2024-12-28 21:30:10,4,642.61,139.82
2024-12-28 21:30:10,5,277.8,30.0
2024-12-28 21:30:11,1,730.2,77.54
2024-12-28 21:30:11,2,1116.84,345.92
2024-12-28 21:30:11,3,1010.65,353.86
2024-12-28 21:30:11,4,642.61,139.82
2024-12-28 21:30:11,5,272.8,30.0
2024-12-28 21:30:11,1,730.2,77.54
2024-12-28 21:30:11,2,1111.84,345.92
2024-12-28 21:30:11,3,1010.65,353.86
2024-12-28 21:30:11,4,642.61,134.82
2024-12-28 21:30:11,5,272.8,30.0
2024-12-28 21:30:11,1,735.2,77.54
2024-12-28 21:30:11,2,1106.84,345.92
2024-12-28 21:30:11,3,1005.65,353.86
2024-12-28 21:30:11,4,642.61,129.82
2024-12-28 21:30:11,5,277.8,30.0
2024-12-28 21:30:11,1,735.2,77.54
2024-12-28 21:30:11,2,1101.84,345.92
2024-12-28 21:30:11,3,1010.65,353.86
2024-12-28 21:30:11,4,637.61,124.82
2024-12-28 21:30:11,5,282.8,35.0
2024-12-28 21:30:11,1,735.2,72.54
2024-12-28 21:30:11,2,1101.84,340.92
2024-12-28 21:30:11,3,1015.65,353.86
2024-12-28 21:30:11,4,637.61,129.82
2024-12-28 21:30:11,5,282.8,30.0
2024-12-28 21:30:11,1,740.2,77.54
2024-12-28 21:30:11,2,1101.84,345.92
2024-12-28 21:30:11,3,1010.65,358.86
2024-12-28 21:30:11,4,632.61,134.82
2024-12-28 21:30:11,5,277.8,25.0
2024-12-28 21:30:11,1,735.2,72.54
2024-12-28 21:30:11,2,1096.84,345.92
2024-12-28 21:30:11,3,1005.65,358.86
2024-12-28 21:30:11,4,632.61,129.82
2024-12-28 21:30:11,5,277.8,25.0
2024-12-28 21:30:11,1,735.2,72.54
2024-12-28 21:30:11,2,1096.84,350.92
2024-12-28 21:30:11,3,1005.65,363.86
2024-12-28 21:30:11,4,637.61,129.82
2024-12-28 21:30:11,5,277.8,25.0
2024-12-28 21:30:11,1,735.2,77.54
2024-12-28 21:30:11,2,1096.84,345.92
2024-12-28 21:30:11,3,1005.65,363.86
2024-12-28 21:30:11,4,637.61,129.82
2024-12-28 21:30:11,5,272.8,25.0
2024-12-28 21:30:11,1,735.2,82.54
2024-12-28 21:30:11,2,1096.84,350.92
2024-12-28 21:30:11,3,1010.65,363.86
2024-12-28 21:30:11,4,632.61,129.82
2024-12-28 21:30:11,5,272.8,30.0
2024-12-28 21:30:11,1,735.2,82.54
2024-12-28 21:30:11,2,1096.84,350.92
2024-12-28 21:30:11,3,1010.65,363.86
2024-12-28 21:30:11,4,632.61,134.82
2024-12-28 21:30:11,5,272.8,30.0
2024-12-28 21:30:11,1,735.2,82.54
2024-12-28 21:30:11,2,1096.84,355.92
2024-12-28 21:30:11,3,1015.65,368.86
2024-12-28 21:30:11,4,627.61,129.82
2024-12-28 21:30:11,5,267.8,30.0
2024-12-28 21:30:11,1,730.2,82.54
2024-12-28 21:30:11,2,1091.84,355.92
2024-12-28 21:30:11,3,1015.65,368.86
2024-12-28 21:30:11,4,627.61,124.82
2024-12-28 21:30:11,5,267.8,30.0
2024-12-28 21:30:11,1,730.2,82.54
2024-12-28 21:30:11,2,1096.84,360.92
2024-12-28 21:30:11,3,1015.65,363.86
2024-12-28 21:30:11,4,627.61,124.82
2024-12-28 21:30:11,5,267.8,30.0
2024-12-28 21:30:11,1,730.2,82.54
2024-12-28 21:30:11,2,1096.84,355.92
2024-12-28 21:30:11,3,1015.65,363.86
2024-12-28 21:30:11,4,632.61,119.82
2024-12-28 21:30:11,5,267.8,30.0
2024-12-28 21:30:11,1,730.2,82.54
2024-12-28 21:30:11,2,1091.84,360.92
2024-12-28 21:30:11,3,1015.65,363.86
2024-12-28 21:30:11,4,637.61,124.82
2024-12-28 21:30:11,5,262.8,35.0
2024-12-28 21:30:11,1,730.2,77.54
2024-12-28 21:30:11,2,1096.84,360.92
2024-12-28 21:30:11,3,1010.65,368.86
2024-12-28 21:30:11,4,637.61,119.82
2024-12-28 21:30:11,5,257.8,35.0
2024-12-28 21:30:11,1,730.2,82.54
2024-12-28 21:30:11,2,1091.84,360.92
2024-12-28 21:30:11,3,1010.65,368.86
2024-12-28 21:30:11,4,637.61,124.82
2024-12-28 21:30:11,5,257.8,30.0
2024-12-28 21:30:11,1,730.2,82.54
2024-12-28 21:30:11,2,1091.84,360.92
2024-12-28 21:30:11,3,1015.65,373.86
2024-12-28 21:30:11,4,632.61,119.82
2024-12-28 21:30:11,5,262.8,25.0
2024-12-28 21:30:11,1,730.2,77.54
2024-12-28 21:30:11,2,1086.84,365.92
2024-12-28 21:30:11,3,1015.65,378.86
2024-12-28 21:30:11,4,627.61,124.82
2024-12-28 21:30:11,5,257.8,20.0
2024-12-28 21:30:11,1,730.2,82.54
2024-12-28 21:30:11,2,1086.84,365.92
2024-12-28 21:30:11,3,1010.65,378.86
2024-12-28 21:30:11,4,637.61,129.82
2024-12-28 21:30:11,5,257.8,25.0
2024-12-28 21:30:11,1,730.2,82.54
2024-12-28 21:30:11,2,1086.84,365.92
2024-12-28 21:30:11,3,1005.65,373.86
2024-12-28 21:30:11,4,642.61,129.82
2024-12-28 21:30:11,5,257.8,30.0
2024-12-28 21:30:11,1,725.2,77.54
2024-12-28 21:30:11,2,1091.84,365.92
2024-12-28 21:30:11,3,1005.65,373.86
2024-12-28 21:30:11,4,637.61,129.82
2024-12-28 21:30:11,5,257.8,35.0
2024-12-28 21:30:11,1,725.2,77.54
2024-12-28 21:30:11,2,1096.84,365.92
2024-12-28 21:30:11,3,1005.65,368.86
2024-12-28 21:30:11,4,637.61,134.82
2024-12-28 21:30:11,5,252.8,40.0
2024-12-28 21:30:11,1,725.2,77.54
2024-12-28 21:30:11,2,1096.84,365.92
2024-12-28 21:30:11,3,1010.65,363.86
2024-12-28 21:30:11,4,632.61,129.82
2024-12-28 21:30:11,5,252.8,45.0
2024-12-28 21:30:11,1,720.2,72.54
2024-12-28 21:30:11,2,1096.84,365.92
2024-12-28 21:30:11,3,1015.65,363.86
2024-12-28 21:30:11,4,627.61,134.82
2024-12-28 21:30:11,5,247.8,45.0
2024-12-28 21:30:11,1,715.2,77.54
2024-12-28 21:30:11,2,1101.84,365.92
2024-12-28 21:30:11,3,1020.65,368.86
2024-12-28 21:30:11,4,627.61,134.82
2024-12-28 21:30:11,5,247.8,50.0
2024-12-28 21:30:11,1,715.2,77.54
2024-12-28 21:30:11,2,1101.84,360.92
2024-12-28 21:30:11,3,1020.65,373.86
2024-12-28 21:30:11,4,627.61,134.82
2024-12-28 21:30:11,5,242.8,55.0
2024-12-28 21:30:11,1,715.2,72.54
2024-12-28 21:30:11,2,1106.84,365.92
2024-12-28 21:30:11,3,1025.65,368.86
2024-12-28 21:30:11,4,632.61,134.82
2024-12-28 21:30:11,5,247.8,55.0
2024-12-28 21:30:11,1,720.2,72.54
2024-12-28 21:30:11,2,1106.84,365.92
2024-12-28 21:30:11,3,1030.65,368.86
2024-12-28 21:30:11,4,632.61,134.82
2024-12-28 21:30:11,5,252.8,55.0
2024-12-28 21:30:11,1,720.2,72.54
2024-12-28 21:30:11,2,1101.84,365.92
2024-12-28 21:30:11,3,1025.65,368.86
2024-12-28 21:30:11,4,632.61,134.82
2024-12-28 21:30:11,5,257.8,55.0
2024-12-28 21:30:11,1,715.2,77.54
2024-12-28 21:30:11,2,1106.84,360.92
2024-12-28 21:30:11,3,1025.65,373.86
2024-12-28 21:30:11,4,627.61,134.82
2024-12-28 21:30:11,5,252.8,55.0
2024-12-28 21:30:11,1,710.2,77.54
2024-12-28 21:30:11,2,1106.84,355.92
2024-12-28 21:30:11,3,1025.65,373.86
2024-12-28 21:30:11,4,627.61,134.82
2024-12-28 21:30:11,5,247.8,55.0
2024-12-28 21:30:11,1,715.2,72.54
2024-12-28 21:30:11,2,1106.84,355.92
2024-12-28 21:30:11,3,1025.65,373.86
2024-12-28 21:30:11,4,627.61,134.82
2024-12-28 21:30:11,5,247.8,60.0
2024-12-28 21:30:11,1,710.2,67.54
2024-12-28 21:30:11,2,1101.84,350.92
2024-12-28 21:30:11,3,1025.65,368.86
2024-12-28 21:30:11,4,622.61,134.82
2024-12-28 21:30:11,5,247.8,65.0
2024-12-28 21:30:11,1,700.2,77.54
2024-12-28 21:30:11,2,1101.84,360.92
2024-12-28 21:30:11,3,1030.65,363.86
2024-12-28 21:30:11,4,612.61,124.82
2024-12-28 21:30:11,5,232.8,55.0
2024-12-28 21:30:11,1,705.2,77.54
2024-12-28 21:30:11,2,1106.84,360.92
2024-12-28 21:30:11,3,1025.65,363.86
2024-12-28 21:30:11,4,617.61,124.82
2024-12-28 21:30:11,5,237.8,50.0
2024-12-28 21:30:11,1,705.2,77.54
2024-12-28 21:30:11,2,1106.84,355.92
2024-12-28 21:30:11,3,1030.65,363.86
2024-12-28 21:30:11,4,612.61,129.82
2024-12-28 21:30:11,5,242.8,45.0
2024-12-28 21:30:11,1,705.2,77.54
2024-12-28 21:30:11,2,1106.84,355.92
2024-12-28 21:30:11,3,1030.65,363.86
2024-12-28 21:30:11,4,612.61,124.82
2024-12-28 21:30:11,5,242.8,50.0
2024-12-28 21:30:11,1,705.2,82.54
2024-12-28 21:30:11,2,1101.84,355.92
2024-12-28 21:30:11,3,1030.65,363.86
2024-12-28 21:30:11,4,612.61,124.82
2024-12-28 21:30:11,5,242.8,55.0
2024-12-28 21:30:11,1,700.2,82.54
2024-12-28 21:30:11,2,1101.84,355.92
2024-12-28 21:30:11,3,1035.65,363.86
2024-12-28 21:30:11,4,612.61,119.82
2024-12-28 21:30:11,5,247.8,55.0
2024-12-28 21:30:11,1,700.2,77.54
2024-12-28 21:30:11,2,1101.84,355.92
2024-12-28 21:30:11,3,1040.65,363.86
2024-12-28 21:30:11,4,612.61,119.82
2024-12-28 21:30:11,5,242.8,55.0
2024-12-28 21:30:11,1,695.2,82.54
2024-12-28 21:30:11,2,1101.84,355.92
2024-12-28 21:30:11,3,1035.65,363.86
2024-12-28 21:30:11,4,617.61,114.82
2024-12-28 21:30:11,5,242.8,55.0
2024-12-28 21:30:11,1,695.2,82.54
2024-12-28 21:30:11,2,1101.84,355.92
2024-12-28 21:30:11,3,1040.65,368.86
2024-12-28 21:30:11,4,622.61,114.82
2024-12-28 21:30:11,5,242.8,50.0
2024-12-28 21:30:11,1,700.2,87.54
2024-12-28 21:30:11,2,1101.84,355.92
2024-12-28 21:30:11,3,1035.65,373.86
2024-12-28 21:30:11,4,622.61,114.82
2024-12-28 21:30:11,5,247.8,55.0
2024-12-28 21:30:11,1,705.2,92.54
2024-12-28 21:30:11,2,1096.84,355.92
2024-12-28 21:30:11,3,1040.65,378.86
2024-12-28 21:30:11,4,622.61,119.82
2024-12-28 21:30:11,5,242.8,50.0
2024-12-28 21:30:11,1,705.2,97.54
2024-12-28 21:30:11,2,1096.84,355.92
2024-12-28 21:30:11,3,1045.65,378.86
2024-12-28 21:30:11,4,622.61,119.82
2024-12-28 21:30:11,5,237.8,45.0
2024-12-28 21:30:11,1,705.2,97.54
2024-12-28 21:30:11,2,1096.84,350.92
2024-12-28 21:30:11,3,1045.65,378.86
2024-12-28 21:30:11,4,622.61,119.82
2024-12-28 21:30:11,5,237.8,40.0
2024-12-28 21:30:11,1,710.2,97.54
2024-12-28 21:30:11,2,1101.84,350.92
2024-12-28 21:30:11,3,1040.65,378.86
2024-12-28 21:30:11,4,622.61,114.82
2024-12-28 21:30:11,5,237.8,40.0
2024-12-28 21:30:11,1,705.2,97.54
2024-12-28 21:30:11,2,1106.84,350.92
2024-12-28 21:30:11,3,1040.65,378.86
2024-12-28 21:30:11,4,617.61,114.82
2024-12-28 21:30:11,5,237.8,40.0
2024-12-28 21:30:11,1,705.2,97.54
2024-12-28 21:30:11,2,1106.84,355.92
2024-12-28 21:30:11,3,1040.65,373.86
2024-12-28 21:30:11,4,622.61,119.82
2024-12-28 21:30:11,5,242.8,40.0
2024-12-28 21:30:11,1,700.2,92.54
2024-12-28 21:30:11,2,1106.84,360.92
2024-12-28 21:30:11,3,1040.65,373.86
2024-12-28 21:30:11,4,622.61,119.82
2024-12-28 21:30:11,5,242.8,35.0
2024-12-28 21:30:11,1,705.2,97.54
2024-12-28 21:30:11,2,1106.84,360.92
2024-12-28 21:30:11,3,1040.65,373.86
2024-12-28 21:30:11,4,622.61,119.82
2024-12-28 21:30:11,5,242.8,35.0
2024-12-28 21:30:11,1,710.2,97.54
2024-12-28 21:30:11,2,1106.84,360.92
2024-12-28 21:30:11,3,1045.65,368.86
2024-12-28 21:30:11,4,622.61,114.82
2024-12-28 21:30:11,5,242.8,40.0
2024-12-28 21:30:12,1,705.2,97.54
2024-12-28 21:30:12,2,1106.84,355.92
2024-12-28 21:30:12,3,1045.65,368.86
2024-12-28 21:30:12,4,622.61,109.82
2024-12-28 21:30:12,5,242.8,35.0
2024-12-28 21:30:12,1,700.2,97.54
2024-12-28 21:30:12,2,1106.84,355.92
2024-12-28 21:30:12,3,1040.65,373.86
2024-12-28 21:30:12,4,622.61,114.82
2024-12-28 21:30:12,5,242.8,35.0
2024-12-28 21:30:12,1,700.2,97.54
2024-12-28 21:30:12,2,1106.84,350.92
2024-12-28 21:30:12,3,1040.65,373.86
2024-12-28 21:30:12,4,627.61,114.82
2024-12-28 21:30:12,5,242.8,30.0
2024-12-28 21:30:12,1,700.2,97.54
2024-12-28 21:30:12,2,1111.84,345.92
2024-12-28 21:30:12,3,1040.65,378.86
2024-12-28 21:30:12,4,627.61,109.82
2024-12-28 21:30:12,5,247.8,30.0
2024-12-28 21:30:12,1,700.2,92.54
2024-12-28 21:30:12,2,1111.84,345.92
2024-12-28 21:30:12,3,1040.65,373.86
2024-12-28 21:30:12,4,627.61,109.82
2024-12-28 21:30:12,5,247.8,30.0
2024-12-28 21:30:12,1,700.2,97.54
2024-12-28 21:30:12,2,1111.84,340.92
2024-12-28 21:30:12,3,1045.65,373.86
2024-12-28 21:30:12,4,632.61,109.82
2024-12-28 21:30:12,5,247.8,35.0
2024-12-28 21:30:12,1,705.2,97.54
2024-12-28 21:30:12,2,1111.84,335.92
2024-12-28 21:30:12,3,1050.65,373.86
2024-12-28 21:30:12,4,632.61,104.82
2024-12-28 21:30:12,5,247.8,35.0
2024-12-28 21:30:12,1,705.2,97.54
2024-12-28 21:30:12,2,1111.84,335.92
2024-12-28 21:30:12,3,1050.65,368.86
2024-12-28 21:30:12,4,632.61,109.82
2024-12-28 21:30:12,5,247.8,35.0
2024-12-28 21:30:12,1,705.2,92.54
2024-12-28 21:30:12,2,1111.84,335.92
2024-12-28 21:30:12,3,1050.65,363.86
2024-12-28 21:30:12,4,637.61,109.82
2024-12-28 21:30:12,5,247.8,30.0
2024-12-28 21:30:12,1,700.2,92.54
2024-12-28 21:30:12,2,1106.84,335.92
2024-12-28 21:30:12,3,1050.65,368.86
2024-12-28 21:30:12,4,637.61,109.82
2024-12-28 21:30:12,5,247.8,30.0
2024-12-28 21:30:12,1,700.2,92.54
2024-12-28 21:30:12,2,1101.84,335.92
2024-12-28 21:30:12,3,1055.65,368.86
2024-12-28 21:30:12,4,637.61,109.82
2024-12-28 21:30:12,5,252.8,30.0
2024-12-28 21:30:12,1,700.2,92.54
2024-12-28 21:30:12,2,1101.84,340.92
2024-12-28 21:30:12,3,1050.65,373.86
2024-12-28 21:30:12,4,632.61,114.82
2024-12-28 21:30:12,5,252.8,30.0
2024-12-28 21:30:12,1,700.2,87.54
2024-12-28 21:30:12,2,1096.84,345.92
2024-12-28 21:30:12,3,1050.65,368.86
2024-12-28 21:30:12,4,632.61,114.82
2024-12-28 21:30:12,5,247.8,30.0
2024-12-28 21:30:12,1,705.2,87.54
2024-12-28 21:30:12,2,1091.84,340.92
2024-12-28 21:30:12,3,1045.65,368.86
2024-12-28 21:30:12,4,627.61,114.82
2024-12-28 21:30:12,5,247.8,30.0
2024-12-28 21:30:12,1,705.2,87.54
2024-12-28 21:30:12,2,1091.84,340.92
2024-12-28 21:30:12,3,1045.65,363.86
2024-12-28 21:30:12,4,622.61,109.82
2024-12-28 21:30:12,5,242.8,30.0
2024-12-28 21:30:12,1,705.2,97.54
2024-12-28 21:30:12,2,1091.84,345.92
2024-12-28 21:30:12,3,1035.65,363.86
2024-12-28 21:30:12,4,617.61,114.82
2024-12-28 21:30:12,5,242.8,40.0
2024-12-28 21:30:12,1,705.2,97.54
2024-12-28 21:30:12,2,1091.84,345.92
2024-12-28 21:30:12,3,1040.65,368.86
2024-12-28 21:30:12,4,612.61,109.82
2024-12-28 21:30:12,5,242.8,40.0
2024-12-28 21:30:12,1,710.2,97.54
2024-12-28 21:30:12,2,1086.84,345.92
2024-12-28 21:30:12,3,1040.65,363.86
2024-12-28 21:30:12,4,612.61,114.82
2024-12-28 21:30:12,5,247.8,40.0
2024-12-28 21:30:12,1,710.2,102.54
2024-12-28 21:30:12,2,1086.84,345.92
2024-12-28 21:30:12,3,1035.65,363.86
2024-12-28 21:30:12,4,612.61,109.82
2024-12-28 21:30:12,5,247.8,40.0
2024-12-28 21:30:12,1,715.2,107.54
2024-12-28 21:30:12,2,1086.84,345.92
2024-12-28 21:30:12,3,1030.65,358.86
2024-12-28 21:30:12,4,612.61,109.82
2024-12-28 21:30:12,5,247.8,40.0
2024-12-28 21:30:12,1,715.2,102.54
2024-12-28 21:30:12,2,1091.84,340.92
2024-12-28 21:30:12,3,1030.65,358.86
2024-12-28 21:30:12,4,612.61,109.82
2024-12-28 21:30:12,5,247.8,40.0
2024-12-28 21:30:12,1,715.2,102.54
2024-12-28 21:30:12,2,1096.84,340.92
2024-12-28 21:30:12,3,1030.65,358.86
2024-12-28 21:30:12,4,612.61,109.82
2024-12-28 21:30:12,5,247.8,40.0
2024-12-28 21:30:12,1,710.2,102.54
2024-12-28 21:30:12,2,1101.84,345.92
2024-12-28 21:30:12,3,1030.65,353.86
2024-12-28 21:30:12,4,612.61,104.82
2024-12-28 21:30:12,5,247.8,40.0
2024-12-28 21:30:12,1,710.2,97.54
2024-12-28 21:30:12,2,1096.84,345.92
2024-12-28 21:30:12,3,1025.65,353.86
2024-12-28 21:30:12,4,607.61,109.82
2024-12-28 21:30:12,5,242.8,45.0
2024-12-28 21:30:12,1,710.2,92.54
2024-12-28 21:30:12,2,1091.84,345.92
2024-12-28 21:30:12,3,1025.65,353.86
2024-12-28 21:30:12,4,607.61,109.82
2024-12-28 21:30:12,5,237.8,40.0
2024-12-28 21:30:12,1,705.2,97.54
2024-12-28 21:30:12,2,1091.84,345.92
2024-12-28 21:30:12,3,1020.65,353.86
2024-12-28 21:30:12,4,602.61,104.82
2024-12-28 21:30:12,5,242.8,35.0
